insert into PUBLIC.CHALLENGE (ID, CREATED_DATE, TEXT, TIME_LIMIT)
values ('cc4cd298-a49e-4043-bea0-eaa5ec3a5a1f', '2020-12-15 16:23:17.661000', 'Make loud monkey noises!', 60);
insert into PUBLIC.CHALLENGE (ID, CREATED_DATE, TEXT, TIME_LIMIT)
values ('79c74f97-d902-4d68-86b6-4df02a38e067', '2020-12-15 16:24:31.834000',
        'Name an animal whose name starts with "I"!', 30);
insert into PUBLIC.CHALLENGE (ID, CREATED_DATE, TEXT, TIME_LIMIT)
values ('6a174aaa-28e4-4d35-a2d4-262116434a23', '2020-12-15 16:25:57.628000', 'Bark like a dog!', 30);
insert into PUBLIC.CHALLENGE (ID, CREATED_DATE, TEXT, TIME_LIMIT)
values ('9787a6ff-a6ac-4648-8aad-377d17246e40', '2020-12-15 16:26:26.127000', 'Name four types of bears!', 60);
insert into PUBLIC.CHALLENGE (ID, CREATED_DATE, TEXT, TIME_LIMIT)
values ('9925047d-7e07-4dc2-b2ec-7dde09919f14', '2020-12-15 16:31:46.462000', 'Imitate a bunny!', 30);
insert into PUBLIC.CHALLENGE (ID, CREATED_DATE, TEXT, TIME_LIMIT)
values ('a55d6926-e894-4f1e-8478-691995fc55af', '2020-12-15 16:32:36.972000', 'Imitate a tiger!', 30);
insert into PUBLIC.CHALLENGE (ID, CREATED_DATE, TEXT, TIME_LIMIT)
values ('02d4fea2-18a3-46df-9c76-ada34b5b3edc', '2020-12-15 16:33:20.438000',
        'Name the largest animal you know! If other players know a larger one, you lose.', 60);
insert into PUBLIC.CHALLENGE (ID, CREATED_DATE, TEXT, TIME_LIMIT)
values ('a32c5160-c121-465c-9609-7a8fdba40719', '2020-12-15 16:34:37.669000', 'Name 3 Animals starting with "T"!', 60);
insert into PUBLIC.CHALLENGE (ID, CREATED_DATE, TEXT, TIME_LIMIT)
values ('5b8604ea-4dd5-4a08-933b-a64002cd5a86', '2020-12-15 16:34:56.343000', 'Name 3 animals starting with "K"!', 60);
insert into PUBLIC.CHALLENGE (ID, CREATED_DATE, TEXT, TIME_LIMIT)
values ('54a51558-e7ed-4055-9bda-d148f0536bee', '2020-12-15 16:39:56.778000', 'What is 34+545+18+23-43?', 25);
insert into PUBLIC.CHALLENGE (ID, CREATED_DATE, TEXT, TIME_LIMIT)
values ('3917e214-c021-40b0-ad46-032c27746444', '2020-12-15 16:40:28.591000', 'What is the square root of 441?', 60);
insert into PUBLIC.CHALLENGE (ID, CREATED_DATE, TEXT, TIME_LIMIT)
values ('1ff996cc-414c-4eb2-a3c8-0eca3d2d9c94', '2020-12-15 16:42:08.722000', 'What is 150 รท (6 + 3 x 8) - 5 ?', 60);
insert into PUBLIC.CHALLENGE (ID, CREATED_DATE, TEXT, TIME_LIMIT)
values ('ff286e38-b551-4f31-912b-330f5b5299bd', '2020-12-15 16:43:24.267000',
        'What is the first prime number after 23?', 45);
insert into PUBLIC.CHALLENGE (ID, CREATED_DATE, TEXT, TIME_LIMIT)
values ('6d8cb4e9-5386-44bf-986e-a3beaabf8506', '2020-12-15 16:44:09.789000', 'How many surfaces are there on a cube?',
        30);
insert into PUBLIC.CHALLENGE (ID, CREATED_DATE, TEXT, TIME_LIMIT)
values ('5e7939bc-c5e7-4963-b0cc-3dc6f4a3b0f1', '2020-12-15 16:46:08.498000', 'What is 4.16 ร 0.75?', 100);
insert into PUBLIC.CHALLENGE (ID, CREATED_DATE, TEXT, TIME_LIMIT)
values ('f5107d1c-6ffb-41ce-a4f1-ce95b32bdbba', '2020-12-15 16:46:48.039000',
        'What percentage should be added to 40 to make it 46?', 35);

insert into PUBLIC.CHALLENGE_SET (ID, CREATED_DATE, CREATOR_ID, DOWNLOADS, MODIFIED_DATE, NAME, UPLOADED_DATE)
values ('322bc80a-15dd-4a82-bbd6-90fa9d6fef80', '2020-12-15 16:23:14.873000', 'INITIAL', 0,
        '2020-12-15 16:23:14.873000', 'Animals', '2020-12-15 17:18:44.473000');
insert into PUBLIC.CHALLENGE_SET (ID, CREATED_DATE, CREATOR_ID, DOWNLOADS, MODIFIED_DATE, NAME, UPLOADED_DATE)
values ('a1355f79-ca24-4b85-92a6-bad0be18d88a', '2020-12-15 16:39:54.522000', 'INITIAL', 0,
        '2020-12-15 16:39:54.522000', 'Math', '2020-12-15 17:18:57.325000');

insert into PUBLIC.CHALLENGE_SET_CHALLENGES (CHALLENGE_SET_ID, CHALLENGES_ID)
values ('322bc80a-15dd-4a82-bbd6-90fa9d6fef80', 'cc4cd298-a49e-4043-bea0-eaa5ec3a5a1f');
insert into PUBLIC.CHALLENGE_SET_CHALLENGES (CHALLENGE_SET_ID, CHALLENGES_ID)
values ('322bc80a-15dd-4a82-bbd6-90fa9d6fef80', '79c74f97-d902-4d68-86b6-4df02a38e067');
insert into PUBLIC.CHALLENGE_SET_CHALLENGES (CHALLENGE_SET_ID, CHALLENGES_ID)
values ('322bc80a-15dd-4a82-bbd6-90fa9d6fef80', '6a174aaa-28e4-4d35-a2d4-262116434a23');
insert into PUBLIC.CHALLENGE_SET_CHALLENGES (CHALLENGE_SET_ID, CHALLENGES_ID)
values ('322bc80a-15dd-4a82-bbd6-90fa9d6fef80', '9787a6ff-a6ac-4648-8aad-377d17246e40');
insert into PUBLIC.CHALLENGE_SET_CHALLENGES (CHALLENGE_SET_ID, CHALLENGES_ID)
values ('322bc80a-15dd-4a82-bbd6-90fa9d6fef80', '9925047d-7e07-4dc2-b2ec-7dde09919f14');
insert into PUBLIC.CHALLENGE_SET_CHALLENGES (CHALLENGE_SET_ID, CHALLENGES_ID)
values ('322bc80a-15dd-4a82-bbd6-90fa9d6fef80', 'a55d6926-e894-4f1e-8478-691995fc55af');
insert into PUBLIC.CHALLENGE_SET_CHALLENGES (CHALLENGE_SET_ID, CHALLENGES_ID)
values ('322bc80a-15dd-4a82-bbd6-90fa9d6fef80', '02d4fea2-18a3-46df-9c76-ada34b5b3edc');
insert into PUBLIC.CHALLENGE_SET_CHALLENGES (CHALLENGE_SET_ID, CHALLENGES_ID)
values ('322bc80a-15dd-4a82-bbd6-90fa9d6fef80', 'a32c5160-c121-465c-9609-7a8fdba40719');
insert into PUBLIC.CHALLENGE_SET_CHALLENGES (CHALLENGE_SET_ID, CHALLENGES_ID)
values ('322bc80a-15dd-4a82-bbd6-90fa9d6fef80', '5b8604ea-4dd5-4a08-933b-a64002cd5a86');
insert into PUBLIC.CHALLENGE_SET_CHALLENGES (CHALLENGE_SET_ID, CHALLENGES_ID)
values ('a1355f79-ca24-4b85-92a6-bad0be18d88a', '54a51558-e7ed-4055-9bda-d148f0536bee');
insert into PUBLIC.CHALLENGE_SET_CHALLENGES (CHALLENGE_SET_ID, CHALLENGES_ID)
values ('a1355f79-ca24-4b85-92a6-bad0be18d88a', '3917e214-c021-40b0-ad46-032c27746444');
insert into PUBLIC.CHALLENGE_SET_CHALLENGES (CHALLENGE_SET_ID, CHALLENGES_ID)
values ('a1355f79-ca24-4b85-92a6-bad0be18d88a', '1ff996cc-414c-4eb2-a3c8-0eca3d2d9c94');
insert into PUBLIC.CHALLENGE_SET_CHALLENGES (CHALLENGE_SET_ID, CHALLENGES_ID)
values ('a1355f79-ca24-4b85-92a6-bad0be18d88a', 'ff286e38-b551-4f31-912b-330f5b5299bd');
insert into PUBLIC.CHALLENGE_SET_CHALLENGES (CHALLENGE_SET_ID, CHALLENGES_ID)
values ('a1355f79-ca24-4b85-92a6-bad0be18d88a', '6d8cb4e9-5386-44bf-986e-a3beaabf8506');
insert into PUBLIC.CHALLENGE_SET_CHALLENGES (CHALLENGE_SET_ID, CHALLENGES_ID)
values ('a1355f79-ca24-4b85-92a6-bad0be18d88a', '5e7939bc-c5e7-4963-b0cc-3dc6f4a3b0f1');
insert into PUBLIC.CHALLENGE_SET_CHALLENGES (CHALLENGE_SET_ID, CHALLENGES_ID)
values ('a1355f79-ca24-4b85-92a6-bad0be18d88a', 'f5107d1c-6ffb-41ce-a4f1-ce95b32bdbba');
